{
  "feature_names": [
    "entropy_total",
    "correction",
    "novelConcepts",
    "emotional",
    "paradox",
    "qualityDecay",
    "recursiveMeta",
    "quietIntegration",
    "quality",
    "shannon",
    "decision_old",
    "decision_new",
    "decision_divergence",
    "entropy_debt",
    "quality_rating",
    "tension_type",
    "user_length",
    "response_length",
    "topic_shift",
    "self_reference_ratio",
    "question_density",
    "user_question_marks",
    "response_to_input_ratio",
    "turn_index_in_session",
    "session_length_minutes"
  ],
  "mu": [
    0.4412026107311249,
    0.02956308238208294,
    0.022865930572152138,
    0.0034298794344067574,
    0.02210361137986183,
    0.004420730285346508,
    0.08368848264217377,
    0.011873508803546429,
    -0.057544875890016556,
    7.137853622436523,
    0.8950711488723755,
    0.30843496322631836,
    0.5866361856460571,
    0.207404226064682,
    0.991107702255249,
    1.3567073345184326,
    30.991107940673828,
    46.3940544128418,
    0.8445248603820801,
    0.03772250935435295,
    0.019433317705988884,
    0.39075204730033875,
    2.0098536014556885,
    149.58511352539062,
    31.138927459716797
  ],
  "sigma": [
    0.41193079948425293,
    0.08804056793451309,
    0.07118766754865646,
    0.0318930447101593,
    0.06270605325698853,
    0.02940424159169197,
    0.13686397671699524,
    0.03709309175610542,
    0.10168302059173584,
    0.5310099124908447,
    0.30646786093711853,
    0.46185263991355896,
    0.4924396574497223,
    0.6021251082420349,
    0.8835420608520508,
    1.362156867980957,
    10.102059364318848,
    4.118547439575195,
    0.3501291275024414,
    0.03063085302710533,
    0.04062585160136223,
    0.6204243302345276,
    2.2295022010803223,
    239.67320251464844,
    31.95844268798828
  ],
  "input_cond_names": [
    "user_length",
    "question_density",
    "response_to_input_ratio"
  ],
  "input_cond_indices": [
    16,
    20,
    22
  ],
  "input_cond_mu": [
    30.719003677368164,
    0.02046218328177929,
    2.078378200531006
  ],
  "input_cond_sigma": [
    10.341761589050293,
    0.041973263025283813,
    2.4258463382720947
  ]
}